frame_idx,has_face,Angry,Disgust,Fear,Happy,Sad,Surprise,Neutral
1,1,2.4424263756372966e-05,0.002920569619163871,2.2650856408290565e-05,0.9930960536003113,0.00040996260941028595,0.00038732646498829126,0.0031390090007334948
2,1,2.1245297830319032e-05,0.0022773239761590958,1.8806727894116193e-05,0.9933585524559021,0.0005519900587387383,0.0003570047556422651,0.0034151440486311913
3,1,0.00014543713768944144,0.0015210333513095975,1.586591861268971e-05,0.9926023483276367,0.00039377741632051766,0.00025292253121733665,0.005068609025329351
4,1,0.0003824416780844331,0.0011463992996141315,2.236689761048183e-05,0.9924407601356506,0.0003320413234177977,0.0002138748241122812,0.005462108179926872
5,1,0.000420943193603307,0.003164248540997505,2.032620250247419e-05,0.9702811241149902,0.0003580783377401531,0.0004716498660854995,0.025283653289079666
6,1,0.0004289895005058497,0.0045036617666482925,2.3986076485016383e-05,0.9552157521247864,0.00033231472480110824,0.0006899770232848823,0.03880536928772926
7,1,0.0003968948149122298,0.004346083849668503,2.2286172679741867e-05,0.9586386680603027,0.0003608388069551438,0.0006009645876474679,0.035634301602840424
8,1,0.0004021834465675056,0.00418653292581439,1.9353577954461798e-05,0.9548793435096741,0.00032508891308680177,0.0005722893984057009,0.039615221321582794
9,1,0.00040945751243270934,0.004449224099516869,1.7227477655978873e-05,0.9527668356895447,0.00023585479357279837,0.0006820830749347806,0.041439350694417953
10,1,0.00036290939897298813,0.004644456785172224,1.629085818422027e-05,0.9532280564308167,0.00024233544536400586,0.000706401071511209,0.040799546986818314
11,1,0.00024026415485423058,0.0047087157145142555,2.0429404685273767e-05,0.9539309740066528,0.00027251202845945954,0.0007423797505907714,0.04008474946022034
12,1,0.00015899659774731845,0.003128092736005783,1.8757840734906495e-05,0.9705778956413269,0.00020977796521037817,0.0005476069054566324,0.025358812883496284
13,1,9.229726128978655e-05,0.0015665501123294234,1.2784558748535346e-05,0.9875285029411316,0.0001860030461102724,0.00030486559262499213,0.010308987461030483
14,1,6.328102608677e-05,0.001148029463365674,1.1242008440603968e-05,0.988440990447998,0.00013046692765783519,0.00031969419796951115,0.009886343963444233
15,1,5.5437867558794096e-05,0.0011003323597833514,1.1627510502876248e-05,0.9891996383666992,0.00012162171333329752,0.0008569794590584934,0.008654385805130005
16,1,4.8010620957938954e-05,0.0007527912384830415,1.2766669897246175e-05,0.983243465423584,0.00013547851995099336,0.0032681599259376526,0.012539340183138847
17,1,4.368372174212709e-05,0.000557362218387425,1.3332411072042305e-05,0.8833693861961365,0.00014017029025126249,0.10241971164941788,0.013456367887556553
18,1,1.4824936442892067e-05,0.0004912749864161015,4.328867817093851e-06,0.7742906212806702,0.0001166976653621532,0.21003837883472443,0.015043839812278748
19,1,2.89377730950946e-05,0.00047099738731049,4.5206288632471114e-06,0.7739657759666443,0.00013101725198794156,0.2103312909603119,0.015067445114254951
20,1,4.205006189295091e-05,0.00043509487295523286,4.646482466341695e-06,0.7734711766242981,0.00014075092622078955,0.210671067237854,0.01523523312062025
21,1,5.805562614114024e-05,0.00037003657780587673,4.533310857368633e-06,0.7753345370292664,0.000123043151688762,0.2106938362121582,0.013415927067399025
22,1,0.00017626701446715742,0.00017357445904053748,4.573603746393928e-06,0.7789189219474792,0.00011111860658274963,0.2103373110294342,0.01027814019471407
23,1,0.00018494414689484984,3.105057112406939e-05,3.5350501548236934e-06,0.7878316044807434,8.894451457308605e-05,0.207789346575737,0.004070562776178122
24,1,0.000216756496229209,4.67602294520475e-05,2.848097665264504e-06,0.8882260918617249,7.317367271753028e-05,0.10868573933839798,0.0027486279141157866
25,1,0.00021344712877180427,9.097246947931126e-05,3.773128582906793e-06,0.9966191053390503,0.0005222336621955037,0.001024440978653729,0.0015260627260431647
26,1,0.0001990806485991925,0.00011338958574924618,3.7553147649305174e-06,0.9969257712364197,0.0005985149764455855,0.0007122518727555871,0.0014472752809524536
27,1,0.00018953434482682496,0.00011733953579096124,3.9333526729024015e-06,0.9973387122154236,0.0006628835690207779,0.00036139629082754254,0.001326287747360766
28,1,0.00017507615848444402,0.00013293644587974995,4.52174663223559e-06,0.9973688721656799,0.0006931805401109159,0.00031540548661723733,0.0013099564239382744
29,1,6.040139123797417e-05,0.00014219818694982678,4.148529114900157e-06,0.9972781538963318,0.000747708894778043,0.00010925582319032401,0.0016581809613853693
30,1,7.391375402221456e-05,0.00019394465198274702,5.928875452809734e-06,0.9957848191261292,0.0008613107493147254,0.0001043893862515688,0.0029756936710327864
31,1,6.332226621452719e-05,0.00024909686180762947,7.4609606599551626e-06,0.9944849610328674,0.0011471959296613932,3.421687142690644e-05,0.004013724625110626
32,1,6.720268720528111e-05,0.00022181063832249492,5.6552630667283665e-06,0.995177149772644,0.000763389456551522,2.8471315090428106e-05,0.003736315295100212
33,1,6.77339849062264e-05,0.0002029263850999996,5.568806500377832e-06,0.9948523640632629,0.0007031751447357237,2.8857799406978302e-05,0.004139379598200321
34,1,7.29816165403463e-05,0.00024168413074221462,9.86523627943825e-06,0.9927344918251038,0.000822703295852989,7.721171277808025e-05,0.006041043438017368
35,1,7.481719512725249e-05,0.0002292318531544879,9.535165190754924e-06,0.9919765591621399,0.0008047421579249203,8.375658944714814e-05,0.006821473594754934
36,1,7.39276219974272e-05,0.00021597683371510357,9.764126843947452e-06,0.9911447167396545,0.0007602690020576119,9.462299931328744e-05,0.007700700778514147
37,1,7.44966819183901e-05,0.0001680500863585621,8.546503522666171e-06,0.9924632906913757,0.0006460808217525482,0.00013754822430200875,0.006501997355371714
38,1,6.342234701151028e-05,0.00010293092782376334,6.916013717273017e-06,0.9939101934432983,0.00035417170147411525,0.0001603511191206053,0.005402045790106058
39,1,6.217588816070929e-05,8.650704694446176e-05,6.7193282120570075e-06,0.9942638278007507,0.00026143123977817595,0.0001710180367808789,0.00514824315905571
40,1,6.281397509155795e-05,7.964095857460052e-05,6.574304279638454e-06,0.9948121905326843,0.0002278668835060671,0.00017380630015395582,0.004637045320123434
41,1,7.109923899406567e-05,4.873166835750453e-05,2.0220027181494515e-06,0.9969247579574585,2.9411907235044055e-05,0.00014817659393884242,0.0027758164796978235
42,1,0.00012973589764442295,5.292579953675158e-05,1.7731292700773338e-06,0.9976827502250671,1.4481133803201374e-05,0.00018870460917241871,0.0019296015379950404
43,1,0.00017621020379010588,4.80589696962852e-05,1.2311958244026755e-06,0.9988723993301392,2.5161875782941934e-06,0.0002100457641063258,0.0006894955295138061
44,1,0.00017213767569046468,6.95431008352898e-05,6.025872494319628e-07,0.9989332556724548,1.5888980442468892e-06,0.00023774869623593986,0.0005851263413205743
45,1,0.0035230889916419983,0.00016341063019353896,5.375658474804368e-06,0.9947572350502014,1.7919983292813413e-06,0.0008824734832160175,0.0006666483241133392
46,1,0.011899451725184917,0.0003119965549558401,4.266018368070945e-05,0.9781458973884583,8.08289314591093e-06,0.008714581839740276,0.0008773311856202781
47,1,0.0242234505712986,0.000456492678495124,5.429167504189536e-05,0.956150472164154,2.893517739721574e-05,0.01756284572184086,0.0015235411701723933
48,1,0.025116732344031334,0.004886734299361706,5.672508632414974e-05,0.9411686658859253,3.435319376876578e-05,0.02556551992893219,0.0031713093630969524
49,1,0.025851326063275337,0.0058655948378145695,5.730908742407337e-05,0.9293149709701538,3.729688614839688e-05,0.03450658172369003,0.0043669650331139565
50,1,0.025849035009741783,0.07185248285531998,5.872870679013431e-05,0.8602901101112366,6.773194763809443e-05,0.0351448692381382,0.006737048272043467
51,1,0.0258494820445776,0.08388103544712067,5.9779435105156153e-05,0.8454472422599792,8.955892553785816e-05,0.0357748344540596,0.00889804121106863
52,1,0.02250269055366516,0.09280002117156982,5.584006430581212e-05,0.8379596471786499,0.00011709126556525007,0.03568176180124283,0.01088294479995966
53,1,0.01412539929151535,0.09265708178281784,1.8587295926408842e-05,0.8545121550559998,0.00011168362834723666,0.027862805873155594,0.010712292976677418
54,1,0.0018024577293545008,0.09251786768436432,7.016999006737024e-06,0.8764418959617615,9.157170279650018e-05,0.019034652039408684,0.010104512795805931
55,1,0.0009329429594799876,0.08807860314846039,5.015600436308887e-06,0.8909763693809509,8.759310003370047e-05,0.011401670053601265,0.008517819456756115
56,1,0.0003767465241253376,0.08709986507892609,4.7523149078188e-06,0.9002826809883118,8.730836998438463e-05,0.004268323071300983,0.007880383171141148
57,1,0.00036116602132096887,0.021337684243917465,5.556353698921157e-06,0.9497514963150024,0.0002700486802496016,0.009312598034739494,0.01896144449710846
58,1,0.0005269953398965299,0.009478174149990082,4.826890290132724e-05,0.9056410193443298,0.002011703560128808,0.013122854754328728,0.0691710039973259
59,1,0.0005284927901811898,0.0008854615734890103,5.021975812269375e-05,0.8509067893028259,0.002281293272972107,0.013664488680660725,0.13168330490589142
60,1,0.0005262501072138548,0.0009370678453706205,5.289647015160881e-05,0.8483610153198242,0.0023126197047531605,0.015680110082030296,0.13213004171848297
61,1,0.000524737115483731,0.0009723642142489552,5.475340731209144e-05,0.8465897440910339,0.002337140729650855,0.01694156602025032,0.1325797438621521
62,1,0.0004951493465341628,0.0009690006845630705,5.483194036060013e-05,0.8130905032157898,0.0023677456192672253,0.05037767067551613,0.13264510035514832
63,1,0.00026031024754047394,0.0009598410106264055,5.446497380034998e-05,0.8157556653022766,0.00236510275863111,0.04855094477534294,0.1320536881685257
64,1,0.00023975256772246212,0.0007316893897950649,5.230634633335285e-05,0.8352499604225159,0.0021523216273635626,0.042980171740055084,0.11859378963708878
65,1,6.325745198410004e-05,0.0005322258803062141,8.647389222460333e-06,0.8943158388137817,0.00038894315366633236,0.03849870339035988,0.0661923959851265
66,1,4.727200575871393e-05,0.00010599164670566097,5.6722087720118e-06,0.9608182907104492,9.137465531239286e-05,0.037396278232336044,0.0015351109905168414
67,1,4.74624102935195e-05,4.7107743739616126e-05,2.938342959168949e-06,0.9634995460510254,5.903478086111136e-05,0.03536005690693855,0.0009838549885898829
68,1,5.039225652581081e-05,7.814735909050796e-06,1.0530254712648457e-06,0.9653654098510742,3.395345629542135e-05,0.03408098965883255,0.00046035577543079853
69,1,4.1274204704677686e-05,6.3110978771874215e-06,4.530676847025461e-07,0.9995952248573303,1.6173152062037843e-06,0.00025590151199139655,9.916107228491455e-05
70,1,3.788615140365437e-05,6.338789262372302e-06,4.4376812979862734e-07,0.9996344447135925,1.6189893585760728e-06,0.00023077121295500547,8.850538142723963e-05
71,1,3.6941299185855314e-05,6.5379431362089235e-06,3.7397791174953454e-07,0.9998061060905457,1.392321678395092e-06,9.261340892408043e-05,5.5965334468055516e-05
72,1,3.0662336939712986e-05,6.80813855069573e-06,2.4557030542382563e-07,0.9998597502708435,1.3446817774820374e-06,5.2530089305946603e-05,4.8653844714863226e-05
73,1,2.765682256722357e-05,7.182694389484823e-06,1.8619286379362165e-07,0.9998890161514282,1.2778913287547766e-06,3.369127443875186e-05,4.095424810657278e-05
74,1,2.8478820240707137e-05,8.068270290095825e-06,2.1233563529676758e-07,0.99988853931427,1.3304162393978913e-06,3.247445056331344e-05,4.090768561582081e-05
75,1,3.309117164462805e-05,7.4179120019834954e-06,1.9555038477392372e-07,0.9998874068260193,1.2991846460863599e-06,3.384309457032941e-05,3.678234133985825e-05
76,1,3.5287670471007004e-05,8.388890819333028e-06,1.8720083971857093e-07,0.9998766779899597,1.4400637837752583e-06,3.52057431882713e-05,4.2753519664984196e-05
77,1,3.862720768665895e-05,1.2468351087591145e-05,1.7810945962537517e-07,0.9998477697372437,1.443970063519373e-06,4.703143713413738e-05,5.241588951321319e-05
78,1,0.000141177762998268,0.00012147800589445978,4.621647917701921e-07,0.9989801049232483,3.7821430396434152e-06,0.00039229303365573287,0.00036061761784367263
79,1,0.00022958547924645245,0.0009185620001517236,1.4410688891075552e-06,0.9968400597572327,9.686134944786318e-06,0.0009556552395224571,0.0010449718683958054
80,1,0.00024780293460935354,0.0012487299973145127,2.4729436063353205e-06,0.9690863490104675,8.123959560180083e-05,0.00509628327563405,0.024237053468823433
81,1,0.0002519046829547733,0.001977880485355854,2.56233693107788e-06,0.9624395966529846,0.00013164895062800497,0.005173970013856888,0.030022352933883667
82,1,0.00025496186572127044,0.0024989782832562923,2.768147169263102e-06,0.9329267144203186,0.0002898573293350637,0.00543653080239892,0.05859016999602318
83,1,0.00026204189634881914,0.004860586486756802,2.8761528483300935e-06,0.9246676564216614,0.00041399337351322174,0.005445780698210001,0.06434705853462219
84,1,0.00026210458599962294,0.0061379969120025635,2.9337631985981716e-06,0.9183326959609985,0.0005156950792297721,0.005440186243504286,0.0693083181977272
85,1,0.00015672821609769017,0.006626999471336603,3.3155083656311035e-06,0.8960149884223938,0.0005734766600653529,0.005165203008800745,0.09145934879779816
86,1,0.0001341688766842708,0.007247847970575094,8.358282684639562e-06,0.8522499203681946,0.000775914522819221,0.013165803626179695,0.12641803920269012
87,1,0.00016226658772211522,0.006934974808245897,7.367242233158322e-06,0.744999349117279,0.0007051434949971735,0.1383105367422104,0.10888030380010605
88,1,0.0003356772067490965,0.006226788740605116,7.9261590144597e-06,0.6098890900611877,0.0006555702420882881,0.27797746658325195,0.10490738600492477
89,1,0.0010769208893179893,0.0074581182561814785,9.617824616725557e-06,0.5323183536529541,0.0005156130064278841,0.3457264304161072,0.11289495974779129
90,1,0.00135446444619447,0.006702478509396315,1.0068628398585133e-05,0.4174777865409851,0.0004040898638777435,0.4167911112308502,0.15726006031036377
91,1,0.0015498537104576826,0.010885445401072502,1.0205954822595231e-05,0.29756656289100647,0.0003262976824771613,0.43183520436286926,0.25782647728919983
92,1,0.0015699373325333,0.029637515544891357,9.53561993810581e-06,0.1962057203054428,0.00038458267226815224,0.4340459704399109,0.33814677596092224
93,1,0.001591379870660603,0.03149935230612755,4.0956606426334474e-06,0.16580486297607422,0.0001991618482861668,0.4424377381801605,0.3584633767604828
94,1,0.0016361933667212725,0.03304242342710495,4.2274314182577655e-06,0.26467686891555786,0.0002187703357776627,0.31935757398605347,0.38106396794319153
95,1,0.0024021267890930176,0.03328719735145569,3.6620097034756327e-06,0.266147255897522,0.00022405017807614058,0.27054473757743835,0.427390992641449
96,1,0.01947285607457161,0.03225386515259743,2.01092393581348e-06,0.24822905659675598,0.00020945991855114698,0.2657054364681244,0.4341273307800293
97,1,0.053723420947790146,0.03164762631058693,1.6915925016292022e-06,0.23859240114688873,0.00020129843323957175,0.23249086737632751,0.4433426856994629
98,1,0.056669704616069794,0.03502091020345688,2.0518396013358142e-06,0.2594315707683563,0.00019958472694270313,0.22719034552574158,0.42148587107658386
99,1,0.05956712365150452,0.023008545860648155,2.33851437769772e-06,0.2845694124698639,9.368385508423671e-05,0.25531816482543945,0.37744078040122986
100,1,0.059490323066711426,0.0197866503149271,1.7385424371241243e-06,0.22042903304100037,7.474457379430532e-05,0.27166447043418884,0.42855310440063477
101,1,0.05962343141436577,0.01828022301197052,1.5913094557618024e-06,0.11451311409473419,0.0011090984335169196,0.2658440172672272,0.5406284928321838
102,1,0.05877193436026573,0.018080802634358406,1.5023491641841247e-06,0.11224693059921265,0.0012186055537313223,0.17524591088294983,0.6344342827796936
103,1,0.04115438088774681,0.017518680542707443,1.2711960835076752e-06,0.09488946944475174,0.0012581497430801392,0.11247866600751877,0.7326993942260742
104,1,0.006660907994955778,0.016630835831165314,1.0257692792947637e-06,0.08523961156606674,0.001277372008189559,0.074897401034832,0.8152928948402405
105,1,0.003522641723975539,0.00784649234265089,4.5876890908402856e-07,0.04808324947953224,0.0012687462149187922,0.06898893415927887,0.8702895045280457
106,1,0.0006803619326092303,0.001004131743684411,2.593663452898909e-07,0.004977121949195862,0.0013225320726633072,0.06528719514608383,0.9267284274101257
107,1,0.0006717311916872859,0.0009855300886556506,2.6144567755181924e-07,0.0030140059534460306,0.0013356993440538645,0.03639398142695427,0.9575988054275513
108,1,0.0004483389784581959,0.0009459609282203019,2.1841815112111362e-07,0.002741909818723798,0.0002902833803091198,0.038432639092206955,0.9571407437324524
109,1,0.0003775398072320968,0.002435262082144618,2.2518509013025323e-07,0.004114667419344187,0.0003708920849021524,0.03846452012658119,0.9542369246482849
110,1,0.00017417919298168272,0.0024904017336666584,2.357821529130888e-07,0.00392943574115634,0.0003710876335389912,0.038308750838041306,0.9547259211540222
111,1,0.00015206533134914935,0.0026034810580313206,1.150994421550422e-06,0.004132233094424009,0.0005108459736220539,0.04367518424987793,0.9489250183105469
112,1,0.00020556496747303754,0.002733253175392747,1.7916814840646111e-06,0.004109812434762716,0.0007474739104509354,0.07699302583932877,0.9152091145515442
113,1,0.0003804908483289182,0.0024607155937701464,2.0311795196903404e-06,0.004161774180829525,0.0008033414487726986,0.07247640192508698,0.9197152256965637
114,1,0.0005672898842021823,0.002566883573308587,2.096778416671441e-06,0.003828126937150955,0.0008790240390226245,0.08715176582336426,0.9050047993659973
115,1,0.0010054206941276789,0.003530590096488595,3.1911949918139726e-06,0.004324459470808506,0.0010679371189326048,0.0966486781835556,0.8934197425842285
116,1,0.002821059664711356,0.0026409123092889786,5.4822817219246645e-06,0.003202576655894518,0.001042193965986371,0.12796825170516968,0.8623195290565491
117,1,0.0032933529000729322,0.007871786132454872,7.139163244573865e-06,0.003942781127989292,0.0011139694834128022,0.15821821987628937,0.8255528211593628
118,1,0.0032841127831488848,0.00765368202701211,6.234164629859151e-06,0.0033161952160298824,0.0009523606859147549,0.29094403982162476,0.693843424320221
119,1,0.003527049208059907,0.007475780788809061,8.09940593171632e-06,0.0035157816018909216,0.0007044897647574544,0.3925803601741791,0.5921883583068848
120,1,0.00366481626406312,0.007253452204167843,9.652058906794991e-06,0.003399146720767021,0.0005835211486555636,0.5118929147720337,0.47319650650024414
121,1,0.003652511164546013,0.00710722804069519,1.0137105164176319e-05,0.0035175487864762545,0.0004913095617666841,0.6342953443527222,0.3509259521961212
122,1,0.004363317508250475,0.006137781776487827,1.549832995806355e-05,0.0038741398602724075,0.0002998192794620991,0.7610203623771667,0.22428908944129944
123,1,0.009924939833581448,0.00549130467697978,3.6688164982479066e-05,0.09559700638055801,0.00013431084516923875,0.7723084688186646,0.11650729924440384
124,1,0.016849933192133904,6.74180846544914e-05,5.8502300817053765e-05,0.18684063851833344,2.396160016360227e-05,0.7847782969474792,0.011381224729120731
125,1,0.022366419434547424,6.579646287718788e-05,6.388046313077211e-05,0.3049234449863434,3.059592563658953e-05,0.6655823588371277,0.006967581808567047
126,1,0.022173091769218445,6.166887033032253e-05,6.144367944216356e-05,0.446694552898407,3.2126055884873495e-05,0.5273171067237854,0.00366006838157773
127,1,0.023774055764079094,6.596568709937856e-05,5.958447582088411e-05,0.5857256650924683,3.383813236723654e-05,0.38736656308174133,0.002974351402372122
128,1,0.023820549249649048,6.93316978868097e-05,5.906560909352265e-05,0.7277701497077942,3.67401989933569e-05,0.24622762203216553,0.002016590442508459
129,1,0.022713256999850273,5.975364547339268e-05,5.3729152568848804e-05,0.8691015243530273,5.249639434623532e-05,0.1076454445719719,0.0003738002269528806
130,1,0.015793856233358383,4.218692993163131e-05,3.0516601327690296e-05,0.9190988540649414,9.50006433413364e-05,0.0647098645567894,0.00022975455794949085
131,1,0.00888743158429861,2.2508209440275095e-05,1.3634245078719687e-05,0.9687617421150208,0.0003501537430565804,0.021794548258185387,0.00017004080291371793
132,1,0.008541089482605457,2.9570843253168277e-05,2.9539647584897466e-05,0.9872580170631409,0.0005376409972086549,0.003434103215113282,0.00017002038657665253
133,1,0.009121899493038654,3.301864126115106e-05,3.0498267733491957e-05,0.9862654805183411,0.0008101739804260433,0.003529911395162344,0.00020904418488498777
134,1,0.007278624922037125,3.7151661672396585e-05,3.2959691452560946e-05,0.989565372467041,0.0008483427809551358,0.0020146965980529785,0.00022287033789325505
135,1,0.007366499397903681,0.0001365774223813787,3.5014636523555964e-05,0.9890052080154419,0.0010331989033147693,0.0021152046974748373,0.0003082859329879284
136,1,0.007494000252336264,0.0002159943978767842,3.604932499001734e-05,0.9778684973716736,0.001924307318404317,0.006672626826912165,0.005788614507764578
137,1,0.0070882015861570835,0.0002573737292550504,3.598936018534005e-05,0.9393066763877869,0.002003852976486087,0.007642100565135479,0.04366587474942207
138,1,0.007280339952558279,0.0002678878081496805,3.229085268685594e-05,0.9246921539306641,0.0018015921814367175,0.007721110712736845,0.05820462107658386
139,1,0.0022231724578887224,0.0002629198133945465,1.2767451153194997e-05,0.8957945108413696,0.0017134018708020449,0.007011752109974623,0.09298140555620193
140,1,0.001538655604235828,0.0002599575382191688,1.1802711924246978e-05,0.8858702778816223,0.0014579353155568242,0.006572560872882605,0.10428883880376816
141,1,0.0013979964423924685,0.0002536673273425549,9.448199307371397e-06,0.8826017379760742,0.0014423622051253915,0.007576695177704096,0.10671810805797577
142,1,0.0010858045425266027,0.00015228007396217436,7.407084467558889e-06,0.8822281956672668,0.0012629821430891752,0.008221936412155628,0.10704150050878525
143,1,0.0009162680944427848,7.29273961042054e-05,5.285609859129181e-06,0.8933903574943542,0.0003494741686154157,0.0037010430824011564,0.10156462341547012
144,1,0.0008510257466696203,2.857004255929496e-05,5.584516202361556e-06,0.9322975277900696,0.00022363450261764228,0.0029201360885053873,0.06367356330156326
145,1,0.00017492379993200302,1.727666131046135e-05,3.1684921850683168e-06,0.9477781057357788,0.00016983490786515176,0.0028212552424520254,0.04903539642691612
146,1,0.006419807206839323,1.3229341675469186e-05,7.286584605026292e-06,0.9723615050315857,6.9882495154161e-05,0.006870790384709835,0.014257452450692654
147,1,0.006730326451361179,1.3770392797596287e-05,7.960584298416506e-06,0.983588695526123,4.962686216458678e-05,0.006701712030917406,0.0029078733641654253
148,1,0.0067566558718681335,1.4158331396174617e-05,1.982133289857302e-05,0.9870024919509888,2.5704906875034794e-05,0.005723210982978344,0.0004579159722197801
149,1,0.006804467644542456,1.3995434528624173e-05,3.080158421653323e-05,0.9884360432624817,1.7680187738733366e-05,0.004656308796256781,4.074723619851284e-05
150,1,0.007185353897511959,3.1367169867735356e-05,0.0001411338016623631,0.9875157475471497,5.2405372116481885e-05,0.005043928511440754,3.0126195269986056e-05
151,1,0.03078577294945717,4.582808833220042e-05,0.00030644217622466385,0.9631063342094421,5.477277227328159e-05,0.0056658536195755005,3.502310937619768e-05
152,1,0.03816499561071396,7.271633512573317e-05,0.00031652042525820434,0.9481170773506165,0.00030341610545292497,0.0129100875928998,0.00011530958727234975
153,1,0.032558899372816086,7.421558984788135e-05,0.00031854797271080315,0.9535884261131287,0.0004517613269854337,0.012893883511424065,0.00011431887105572969
154,1,0.03782031312584877,8.876276842784137e-05,0.0004300277796573937,0.8622244596481323,0.0009800213156268,0.09751228243112564,0.0009442056179977953
155,1,0.04097778722643852,9.685231634648517e-05,0.0005807007546536624,0.8252639174461365,0.0018082130700349808,0.12974798679351807,0.0015245156828314066
156,1,0.04583431035280228,0.00011222761531826109,0.0008265092619694769,0.7755255103111267,0.0035295470152050257,0.17137034237384796,0.002801524708047509
157,1,0.046223752200603485,0.00011453283514128998,0.0008064343710429966,0.772059440612793,0.004853481892496347,0.17294657230377197,0.002995795803144574
158,1,0.02599717117846012,0.00010291436774423346,0.0006964810891076922,0.7928441166877747,0.004950329661369324,0.1723712533712387,0.0030377439688891172
159,1,0.04461486265063286,7.789032679283991e-05,0.0007579144439660013,0.781466007232666,0.004709004424512386,0.16536958515644073,0.0030047690961509943
160,1,0.11284100264310837,7.86852469900623e-05,0.0009833292569965124,0.7162898778915405,0.004565129522234201,0.16216698288917542,0.0030750571750104427
161,1,0.14683771133422852,6.751552427886054e-05,0.0016217625234276056,0.7631649374961853,0.004047774709761143,0.08186335861682892,0.002396940952166915
162,1,0.1860562562942505,6.464834586950019e-05,0.0026421600487083197,0.7456943392753601,0.0032420342322438955,0.06004580482840538,0.0022547803819179535
163,1,0.23849360644817352,5.628411963698454e-05,0.003572376212105155,0.7266862988471985,0.0015338765224441886,0.028435613960027695,0.001222022227011621
164,1,0.2770090401172638,3.915781053365208e-05,0.0037689637392759323,0.6826054453849792,0.00018076821288559586,0.03523445501923561,0.0011621954618021846
165,1,0.29911282658576965,3.7576905015157536e-05,0.005045549012720585,0.6307077407836914,8.59906867844984e-05,0.06381101906299591,0.001199352671392262
166,1,0.3224973678588867,3.6562436434905976e-05,0.008225307799875736,0.5692082643508911,8.320536289829761e-05,0.09867625683546066,0.0012730611488223076
167,1,0.25636234879493713,3.023616773134563e-05,0.008115071803331375,0.6328225135803223,0.0001114278202294372,0.10051701217889786,0.0020413866732269526
168,1,0.23891668021678925,2.442337245156523e-05,0.007538183592259884,0.6535439491271973,0.00011000844096997753,0.09753704071044922,0.0023297611624002457
169,1,0.19744274020195007,1.5233440535666887e-05,0.006436355412006378,0.7064342498779297,9.0635716333054e-05,0.08761380612850189,0.0019669935572892427
170,1,0.14098283648490906,7.157176241889829e-06,0.005344328470528126,0.769246518611908,0.00014337993343360722,0.08230554312467575,0.0019702641293406487
171,1,0.10192925482988358,5.866983883606736e-06,0.005145686212927103,0.8111515641212463,0.0004140240198466927,0.07897941768169403,0.0023742555640637875
172,1,0.07649298012256622,5.024864094593795e-06,0.003831142093986273,0.8579058051109314,0.0006297443760558963,0.058720797300338745,0.002414527116343379
173,1,0.027236437425017357,6.126462722022552e-06,0.0006978382007218897,0.9425666928291321,0.0011908650631085038,0.025703895837068558,0.002598179504275322
174,1,0.02455788664519787,6.347111138893524e-06,0.0007825343054719269,0.9441197514533997,0.0014311118284240365,0.02719634585082531,0.0019060614285990596
175,1,0.002618400612846017,6.852648311905796e-06,0.0007564956322312355,0.9656050801277161,0.0016124334651976824,0.027860667556524277,0.0015401277923956513
176,1,0.00839211605489254,1.1244853340031113e-05,0.00072683539474383,0.9565730094909668,0.001658181892707944,0.031041564419865608,0.001597082824446261
177,1,0.013489480130374432,1.1005901797034312e-05,0.034111373126506805,0.8889382481575012,0.005328597966581583,0.05590948835015297,0.002211871789768338
178,1,0.01712462678551674,1.0031877536675893e-05,0.05418927222490311,0.8332521319389343,0.007473870646208525,0.08565200865268707,0.0022980570793151855
179,1,0.06094362959265709,1.0042728717962746e-05,0.05536196008324623,0.7691012620925903,0.007471882738173008,0.10377702862024307,0.0033342286478728056
180,1,0.07828100770711899,9.325726750830654e-06,0.05820997431874275,0.747484564781189,0.008525779470801353,0.10370372980833054,0.0037855617702007294
181,1,0.10846704989671707,1.0495487003936432e-05,0.0619601346552372,0.7109899520874023,0.00905099418014288,0.10543964058160782,0.0040816813707351685
182,1,0.1758023053407669,1.0752138223324437e-05,0.0639655813574791,0.6381257176399231,0.008995826356112957,0.10858326405286789,0.0045165629126131535
183,1,0.28135785460472107,6.359023700497346e-06,0.06495782732963562,0.5320967435836792,0.008995073847472668,0.10745324194431305,0.005132895894348621
184,1,0.33335185050964355,2.375485019001644e-05,0.031483303755521774,0.5383698344230652,0.005300276912748814,0.07860776036977768,0.01286317314952612
185,1,0.33935800194740295,3.106813892372884e-05,0.011317664757370949,0.5283052325248718,0.002881501568481326,0.09996753185987473,0.01813897117972374
186,1,0.3108094334602356,3.080423266510479e-05,0.010130273178219795,0.46277666091918945,0.0026623806916177273,0.1964113712310791,0.017179084941744804
187,1,0.3063820004463196,2.976985342684202e-05,0.007167235016822815,0.3493608832359314,0.0010390299139544368,0.319281667470932,0.016739463433623314
188,1,0.27838918566703796,4.462700599106029e-05,0.0032105406280606985,0.27606001496315,0.0002559077984187752,0.4161396324634552,0.025900045409798622
189,1,0.26366251707077026,4.547302523860708e-05,0.0010588380973786116,0.21977366507053375,0.00012954007252119482,0.4872422218322754,0.028087718412280083
190,1,0.16323599219322205,4.719976641354151e-05,1.6046502423705533e-05,0.2179408073425293,9.58941673161462e-05,0.5887318849563599,0.02993212454020977
191,1,0.18711434304714203,5.4031570471124724e-05,1.3815745660394896e-05,0.1577410250902176,8.169493230525404e-05,0.6297467947006226,0.02524830400943756
192,1,0.2424897849559784,7.725950854364783e-05,1.5149546015891246e-05,0.11205768585205078,0.00014306667435448617,0.6176964044570923,0.027520624920725822
193,1,0.24984075129032135,9.112066618399695e-05,1.2551390682347119e-05,0.12117047607898712,0.00015943532343953848,0.5929377675056458,0.03578794747591019
194,1,0.23692692816257477,0.00010672588541638106,9.091841093322728e-06,0.23742564022541046,0.00017394676979165524,0.4684257507324219,0.05693187192082405
195,1,0.23512692749500275,9.363714343635365e-05,7.868272405175958e-06,0.3433974087238312,0.0002202565228799358,0.36575767397880554,0.05539625138044357
196,1,0.1946175992488861,0.00012107627844670787,6.876795850985218e-06,0.45377546548843384,0.0003022482560481876,0.2897418141365051,0.061434898525476456
197,1,0.18819311261177063,0.0001760324084898457,5.896678430872271e-06,0.5565367937088013,0.000292028154945001,0.1858302503824234,0.06896593421697617
198,1,0.11594198644161224,0.00016957010666374117,3.1519030017079785e-06,0.6472940444946289,0.0002682263730093837,0.14433372020721436,0.09198928624391556
199,1,0.06678395718336105,0.0001755437842803076,2.089134795824066e-06,0.6696752905845642,0.00022470280237030238,0.11033757030963898,0.1528007686138153
200,1,0.06263203918933868,0.00019971949222963303,2.9169084427849157e-06,0.6950667500495911,0.00021915438992436975,0.029956618323922157,0.2119227647781372
201,1,0.06457701325416565,0.00020648629288189113,3.042600383196259e-06,0.5864259004592896,0.00021420323173515499,0.12069173157215118,0.22788159549236298
202,1,0.0901244506239891,0.0003558830067049712,3.954438398068305e-06,0.5334067940711975,0.00018599753093440086,0.12890955805778503,0.24701334536075592
203,1,0.1181408166885376,0.0006334729841910303,4.427835847309325e-06,0.4608164131641388,0.000139848081744276,0.1362585872411728,0.28400641679763794
204,1,0.2308424860239029,0.0006226784316822886,4.611184522218537e-06,0.34405046701431274,0.0001430381234968081,0.13796882331371307,0.28636786341667175
205,1,0.27690809965133667,0.0010552668245509267,4.872477347817039e-06,0.2573118507862091,0.00027125392807647586,0.14857320487499237,0.31587544083595276
206,1,0.28161856532096863,0.001074831117875874,4.276847903383896e-06,0.233995720744133,0.0004557792854029685,0.14006099104881287,0.34278979897499084
207,0,0.0,0.0,0.0,0.0,0.0,0.0,0.0
208,0,0.0,0.0,0.0,0.0,0.0,0.0,0.0
209,0,0.0,0.0,0.0,0.0,0.0,0.0,0.0
210,0,0.0,0.0,0.0,0.0,0.0,0.0,0.0
211,0,0.0,0.0,0.0,0.0,0.0,0.0,0.0
212,0,0.0,0.0,0.0,0.0,0.0,0.0,0.0
213,1,0.2632845640182495,0.001039371476508677,2.8181407287775073e-06,0.19601668417453766,0.14105455577373505,0.12204032391309738,0.2765616476535797
214,0,0.0,0.0,0.0,0.0,0.0,0.0,0.0
215,0,0.0,0.0,0.0,0.0,0.0,0.0,0.0
216,1,0.26120883226394653,0.0010275820968672633,2.687388132471824e-06,0.32109323143959045,0.14108386635780334,0.03088788129389286,0.24469594657421112
217,1,0.23508881032466888,0.0008812292362563312,1.729556970531121e-06,0.3794648349285126,0.14106816053390503,0.022470364347100258,0.2210247963666916
218,1,0.19478270411491394,0.0005904952413402498,1.1537891850821325e-06,0.4724038541316986,0.1410965621471405,0.01493254117667675,0.17619265615940094
219,1,0.07666776329278946,0.0005445839487947524,1.1534497161846957e-06,0.604861319065094,0.14108841121196747,0.013051155023276806,0.16378559172153473
220,1,0.020999636501073837,9.542999032419175e-05,8.663413382237195e-07,0.7283950448036194,0.14095668494701385,0.002185045974329114,0.10736727714538574
221,1,0.00020111103367526084,4.973472823621705e-05,8.41089274672413e-07,0.8473125696182251,0.1407536119222641,0.00019538725609891117,0.011486656963825226
222,1,2.1869500415050425e-05,5.8148445532424375e-05,1.96097653315519e-06,0.9884697794914246,0.00014674382691737264,0.0008967792382463813,0.010404670611023903
223,1,3.252180977142416e-05,5.611710002995096e-05,3.116988636975293e-06,0.9925736784934998,0.00011125408491352573,0.0020557506941258907,0.005167562980204821
224,1,3.60373014700599e-05,7.643061690032482e-05,4.473405169846956e-06,0.9953613877296448,0.000103304824733641,0.002220883034169674,0.0021974786650389433
225,1,9.575393778504804e-05,0.00015953679394442588,1.0709113666962367e-05,0.9823501706123352,8.486217848258093e-05,0.006334018427878618,0.010965066030621529
226,1,0.00010716581164160743,0.00017527902673464268,1.0802939868881367e-05,0.9816262125968933,8.599229477113113e-05,0.006426159292459488,0.011568390764296055
227,1,0.00016562547534704208,0.00017661636229604483,1.0992445822921582e-05,0.981437087059021,8.585962495999411e-05,0.006479953415691853,0.011643958278000355
228,1,0.0006105349748395383,0.00020562026475090533,1.486144719820004e-05,0.9789522886276245,8.80283405422233e-05,0.007859060540795326,0.012269717641174793
229,1,0.0006079673185013235,0.00019581727974582464,1.4489887689705938e-05,0.9799385666847229,8.579565474065021e-05,0.007167662959545851,0.011989803053438663
230,1,0.0006085241329856217,0.0001873884757515043,1.3830396710545756e-05,0.9814028143882751,8.275835716631263e-05,0.006028112024068832,0.011676602996885777
231,1,0.0006170202395878732,0.00016028413665480912,1.2578021596709732e-05,0.9821766018867493,6.566512456629425e-05,0.005863481666892767,0.011104426346719265
232,1,0.0005629925872199237,6.126183143351227e-05,7.214300239866134e-06,0.9962176084518433,1.6165475244633853e-05,0.0016909384867176414,0.0014438546495512128
233,1,0.0005459256935864687,4.5212542318040505e-05,6.870991001051152e-06,0.9970494508743286,1.4104615729593206e-05,0.0015761017566546798,0.0007624328718520701
234,1,0.0004870847624260932,4.231723505654372e-05,6.64649496684433e-06,0.9972749352455139,1.3286180546856485e-05,0.0015090882079675794,0.0006666731205768883
235,1,3.804099833359942e-05,2.796967464746558e-06,2.651891691130004e-06,0.9998906850814819,9.09189839148894e-06,3.666370685095899e-05,2.0191062503727153e-05
236,1,3.439499778323807e-05,1.7377095673509757e-06,1.913529558805749e-06,0.9999120831489563,8.775407877692487e-06,2.442836012050975e-05,1.6698448234819807e-05
237,1,2.497791501809843e-05,1.7741424471751088e-06,1.4332063074107282e-06,0.9999459981918335,8.534007065463811e-06,5.182152108318405e-06,1.2136782970628701e-05
238,1,1.456994050386129e-05,1.869932361842075e-06,1.6039476804508013e-06,0.9999529719352722,8.542386240151245e-06,5.913999302720185e-06,1.4541316886607092e-05
239,1,7.956780791573692e-06,2.1776645553472918e-06,3.656966498510883e-07,0.9999694228172302,2.7539031179912854e-06,3.3410285595891764e-06,1.3981995834910776e-05
240,1,8.727329259272665e-06,2.2641659143118886e-06,3.547003757375933e-07,0.9999656081199646,2.8754270715580788e-06,3.840904810203938e-06,1.6396012142649852e-05
241,1,8.313617399835493e-06,2.3331851934926817e-06,3.443512355261191e-07,0.9999663233757019,2.8595100047823507e-06,3.7590400552289793e-06,1.607631566002965e-05
242,1,6.969360583752859e-06,4.177428309048992e-06,3.2838440233717847e-07,0.9999586939811707,3.0410421913984464e-06,4.1906182559614535e-06,2.2591277229366824e-05
243,1,6.889613814564655e-06,3.7044661439722404e-05,4.1331398392685514e-07,0.9998775124549866,6.904334895807551e-06,5.383809366321657e-06,6.59118959447369e-05
244,1,5.7146739891322795e-06,8.584411261836067e-05,4.839263851863507e-07,0.9994903802871704,1.6788892025942914e-05,7.895750059105922e-06,0.0003929126833099872
245,1,4.53066741101793e-06,0.00010158371151192114,2.538711498800694e-07,0.9992693066596985,3.1414456316269934e-05,7.303161510208156e-06,0.0005856858915649354
246,1,4.130140496272361e-06,0.00011151889339089394,2.7477639719108993e-07,0.9990698099136353,4.7027922846609727e-05,7.114907020877581e-06,0.0007601461256854236
247,1,3.0090711788943736e-06,0.00011806294787675142,3.136869963782374e-07,0.9989420175552368,5.724309812649153e-05,7.352322882070439e-06,0.0008720396435819566
248,1,2.878707164200023e-06,0.00014510436449199915,3.315418837246398e-07,0.998694896697998,7.814377022441477e-05,7.976434972079005e-06,0.0010706152534112334
249,1,2.9373422876233235e-06,0.00017208537610713392,3.319566985737765e-07,0.9983419179916382,8.670170791447163e-05,7.473531240975717e-06,0.0013885516673326492
250,1,4.026526767120231e-06,0.0002219673915533349,2.4655409447404963e-07,0.9981942176818848,8.416925265919417e-05,9.869254427030683e-06,0.0014855209738016129
251,1,3.026392550964374e-05,0.0002104656450683251,1.9120440697406593e-07,0.998494029045105,7.400169124593958e-05,9.685340046416968e-06,0.001181366154924035
252,1,5.987368058413267e-05,0.0002427305153105408,1.6283011916584655e-07,0.9985913038253784,5.909913670620881e-05,1.178226557385642e-05,0.001035009976476431
253,1,6.41245860606432e-05,0.0002665716747287661,1.4328985287193063e-07,0.9987406134605408,4.2874595237663016e-05,1.4298742826213129e-05,0.0008714034920558333
254,1,9.144990326603875e-05,0.00031215386115945876,1.1762450213836928e-07,0.9987605810165405,3.242915772716515e-05,3.0862120183883235e-05,0.0007724405149929225
255,1,9.746849536895752e-05,0.0003043621254619211,1.0039217102075781e-07,0.9989629983901978,1.1435454325692263e-05,3.408547127037309e-05,0.0005895302747376263
256,1,0.00010036591993412003,0.00031753297662362456,9.871920525483802e-08,0.9991997480392456,2.7038297503167996e-06,4.463831282919273e-05,0.0003349242324475199
257,1,0.00019875916768796742,0.00024067396589089185,1.7726463852341112e-07,0.8648380041122437,1.7122181816375814e-05,4.9797043175203726e-05,0.13465547561645508
258,1,0.00019236815569456667,0.00021387329616118222,1.9007957519079355e-07,0.726898729801178,4.533825995167717e-05,5.613205939880572e-05,0.2725934386253357
259,1,0.00020716679864563048,0.0001852572022471577,2.3946643068484263e-07,0.5909859538078308,6.650064460700378e-05,5.919564137002453e-05,0.40849569439888
260,1,0.00020397815387696028,0.00015120695752557367,2.3525021219938935e-07,0.44904813170433044,7.916399044916034e-05,5.7382596423849463e-05,0.5504599213600159
261,1,0.00017979567928705364,0.0001017456961562857,2.1918276615906507e-07,0.30736419558525085,8.175498805940151e-05,4.113418981432915e-05,0.6922311186790466
262,1,0.000201311893761158,8.452947076875716e-05,2.3432581031102018e-07,0.16790273785591125,8.618859283160418e-05,3.765714427572675e-05,0.831687331199646
263,1,0.00021051711519248784,4.52861022495199e-05,2.5352446186843736e-07,0.025457212701439857,0.0001148141673184,2.8819937142543495e-05,0.9741430878639221
264,1,0.00011355536844348535,4.1630260966485366e-05,1.779463616458088e-07,0.017491843551397324,0.00011146930046379566,2.0593297449522652e-05,0.9822207093238831
265,1,9.558947931509465e-05,3.290772292530164e-05,1.4589396357678197e-07,0.012861096300184727,9.425220923731104e-05,1.2750542737194337e-05,0.9869032502174377
266,1,5.1300390623509884e-05,1.350978982372908e-05,7.942417568074234e-08,0.006476996000856161,8.156868716469035e-05,9.066624443221372e-06,0.9933674931526184
267,1,5.499312101164833e-05,1.4852260392217431e-05,7.750457342581285e-08,0.006751107517629862,7.436321902787313e-05,9.082318683795165e-06,0.9930955171585083
268,1,6.688492430839688e-05,1.5553221601294354e-05,3.6925922586306115e-07,0.007403471041470766,9.68804961303249e-05,1.7307216694462113e-05,0.9923995733261108
269,1,4.0338618418900296e-05,1.4212169844540767e-05,3.638492103164026e-07,0.0041689458303153515,9.616602619644254e-05,1.77555630216375e-05,0.9956622123718262
270,1,3.0899020202923566e-05,1.1477185580588412e-05,3.469691023383348e-07,0.0040066419169306755,6.857574771856889e-05,1.6840438547660597e-05,0.9958652257919312
271,1,4.059906132169999e-05,9.593627510184888e-06,3.394176815163519e-07,0.006976400967687368,7.997416832949966e-05,1.886188874777872e-05,0.992874264717102
272,1,4.283967427909374e-05,7.68757763580652e-06,3.670579928893858e-07,0.008141225203871727,8.84346809471026e-05,2.452207263559103e-05,0.9916949272155762
273,1,4.3559903133427724e-05,7.682461728109047e-06,3.717070455877547e-07,0.007806290406733751,8.471340697724372e-05,2.364154534006957e-05,0.9920337796211243
274,1,4.279081986169331e-05,6.21077151663485e-06,3.8587307926718495e-07,0.006755003239959478,8.371150761377066e-05,2.349911301280372e-05,0.99308842420578
275,1,6.718637450831011e-05,3.037461283383891e-06,1.9405499074309773e-07,0.0056104520335793495,7.801672472851351e-05,2.849410884664394e-05,0.9942126870155334
276,1,6.824488809797913e-05,2.826312538672937e-06,1.8653544486824103e-07,0.005989990662783384,7.810262468410656e-05,3.269472290412523e-05,0.9938279986381531
277,1,7.050886779325083e-05,3.7065560718474444e-06,1.9592023647874157e-07,0.00839108508080244,9.491813398199156e-05,3.740477404789999e-05,0.991402268409729
278,1,6.070751624065451e-05,3.5096834380965447e-06,2.0324364413681906e-07,0.006045031826943159,7.83202049206011e-05,3.788553658523597e-05,0.9937744140625
279,1,6.923668115632609e-05,4.382564839033876e-06,1.8067062512727716e-07,0.005593501031398773,7.387727964669466e-05,3.4426899219397455e-05,0.994224488735199
280,1,7.822143379598856e-05,5.383429652283667e-06,1.9519858085459418e-07,0.0067015886306762695,0.00013908556138630956,3.605060192057863e-05,0.9930394887924194
281,1,7.730106881354004e-05,5.53181871509878e-06,1.838569261281009e-07,0.006868782918900251,0.0001381539332214743,3.70131092495285e-05,0.9928730130195618
282,1,5.2939943998353556e-05,9.9835579021601e-06,1.612576312481906e-07,0.007765432354062796,0.00015864094893913716,3.021879274456296e-05,0.9919825792312622
283,1,5.6881744967540726e-05,1.0619728527672123e-05,1.751717775277939e-07,0.007622240576893091,0.00016390194650739431,2.7265725293545984e-05,0.9921189546585083
284,1,5.820214937557466e-05,9.647644219512586e-06,1.6854735918059305e-07,0.006830031983554363,0.00017132073116954416,2.46375311689917e-05,0.9929060339927673
285,1,5.855284325662069e-05,9.423106348549481e-06,1.5520558349635394e-07,0.007596756797283888,0.00017448188737034798,2.4524280888726935e-05,0.9921361207962036
286,1,0.00021135232236701995,1.1416565939725842e-05,1.5601150948896247e-07,0.008246315643191338,0.00017385192040819675,2.3144328224589117e-05,0.9913336634635925
287,1,0.0002077694225590676,1.0429713256598916e-05,1.4465479125647107e-07,0.007745816372334957,0.0001112884419853799,2.3607393814017996e-05,0.9919009208679199
288,1,0.00020787178073078394,1.024771154334303e-05,1.4127188308066252e-07,0.007831539027392864,0.00011071261542383581,2.3037286155158654e-05,0.991816520690918
289,1,0.00020116630184929818,5.666126071446342e-06,7.15482997293293e-08,0.006634011399000883,0.00010306830517947674,1.7548611140227877e-05,0.993038535118103
290,1,0.00019905179215129465,4.561404693959048e-06,5.98763705284e-08,0.006453632842749357,0.00010769184154924005,1.712273297016509e-05,0.9932178854942322
291,1,0.00019852457626257092,5.190394404053222e-06,7.92487213630011e-08,0.005702411290258169,0.00011204933980479836,1.632688145036809e-05,0.9939655065536499
292,1,0.00019475269073154777,5.08803623233689e-06,7.844158744774177e-08,0.004199884366244078,0.00010579638183116913,1.6959929780568928e-05,0.9954774975776672
293,1,6.539820606121793e-05,3.979683697252767e-06,9.03870756019387e-08,0.004598044790327549,0.00025902409106492996,2.037381818809081e-05,0.9950531125068665
294,1,5.9109337598783895e-05,3.7748961858596886e-06,8.746958712890773e-08,0.004051445983350277,0.00025383540196344256,2.0813893570448272e-05,0.9956108927726746
295,1,5.595932816504501e-05,3.6885430745314807e-06,9.078106444349032e-08,0.0038369467947632074,0.00025247884332202375,2.1901520085521042e-05,0.9958289265632629
296,1,0.00010983378888340667,8.903426532924641e-06,1.45677304885794e-07,0.0043571447022259235,0.00040342743159271777,3.3015334338415414e-05,0.9950875639915466
297,1,0.00010608178854454309,8.957991667557508e-06,1.462867942336743e-07,0.004273508209735155,0.0003937788133043796,3.272602771176025e-05,0.9951847791671753
298,1,0.0001714565878501162,1.1813805031124502e-05,2.2790379716752796e-07,0.006423118058592081,0.0006872561643831432,4.5128930651117116e-05,0.9926609396934509
299,1,0.00017156243848148733,1.1678950613713823e-05,2.2525382803451066e-07,0.006414670497179031,0.0006844690651632845,4.5772932935506105e-05,0.9926716089248657
300,1,0.0002976444084197283,1.8508319044485688e-05,3.886401316322008e-07,0.013595238327980042,0.0012122632469981909,7.971246668603271e-05,0.9847963452339172
301,1,0.00038192866486497223,2.4119624868035316e-05,4.786987801708165e-07,0.020796699449419975,0.0016716726822778583,0.00010291270154993981,0.9770222306251526
302,1,0.00038821366615593433,2.43100384977879e-05,4.7576284600836516e-07,0.02097683772444725,0.0026976505760103464,0.00011775576422223821,0.9757947325706482
303,1,0.00032990434556268156,1.9376238924451172e-05,6.921440558471659e-07,0.02061196230351925,0.002528827404603362,0.00011753266880987212,0.9763916730880737
304,1,0.00034921258338727057,2.070205118798185e-05,7.363379381786217e-07,0.02255900204181671,0.0027045051101595163,0.00012928714568261057,0.9742365479469299
305,1,0.0002996301918756217,1.8324999473406933e-05,6.802987400078564e-07,0.021962378174066544,0.002543265465646982,0.00012742589751724154,0.9750483632087708
306,1,0.00030785566195845604,1.908739795908332e-05,7.160086283874989e-07,0.022915983572602272,0.0027497534174472094,0.00013988206046633422,0.9738667607307434
307,1,0.0001745220652082935,1.2078407053195406e-05,6.231153975022607e-07,0.014049763791263103,0.00210799858905375,0.00011060504039051011,0.9835444092750549
308,1,9.676795161794871e-05,7.2620487117092125e-06,6.25525558461959e-07,0.009536157362163067,0.0016684059519320726,9.286828571930528e-05,0.9885979294776917
309,1,0.00014607180492021143,2.1385523723438382e-05,1.0914144695561845e-05,0.05858520045876503,0.0007902338402345777,0.0001032210057019256,0.9403429627418518
310,1,0.00021721881057601422,3.988876051153056e-05,2.3129312467062846e-05,0.1036064475774765,0.0009405462769791484,0.00012806130689568818,0.89504474401474
311,1,0.0002777834015432745,3.995162478531711e-05,2.3221107767312787e-05,0.10182924568653107,0.0008258960442617536,0.00012604877701960504,0.8968778848648071
312,1,0.00037086362135596573,4.0153663576347753e-05,2.3336522644967772e-05,0.09955105930566788,0.0007600566605105996,0.00012452607916202396,0.8991299867630005
313,1,0.00037326011806726456,3.9447466406272724e-05,2.329899689357262e-05,0.09927769750356674,0.0005586767219938338,0.00010845990618690848,0.8996191024780273
314,1,0.0005778701743111014,4.467925100470893e-05,2.3384882297250442e-05,0.10222095996141434,0.0011333266738802195,0.00010591970203677192,0.8958937525749207
